condition,copy_accuracy,mean_target_logit
full,0.7291666666666666,13.873950521151224
induction_ablation,0.8229166666666666,14.317515283823013
random_ablation_0,0.6875,14.099360267321268
random_ablation_1,0.7291666666666666,13.844775209824244
random_ablation_2,0.7708333333333334,14.184060702721277
random_ablation_3,0.6666666666666666,13.39571370681127
random_ablation_4,0.7604166666666666,14.020828733841578
